{"ASSIGNED":{"old_value":["0","ASSIGNED","ASSIGNED","ASSIGNED","0","ASSIGNED","ASSIGNED","0","0"],"new_value":["ASSIGNED","CLOSED","MODIFIED","NEW","ON_DEV","ON_QA","POST","RELEASE_PENDING","VERIFIED"],"issue":[0,33,39,2,0,6,33,0,0],"f":[0,0.292035398230089,0.345132743362832,0.0176991150442478,0,0.0530973451327434,0.292035398230089,0,0]},"CLOSED":{"old_value":["CLOSED","0","0","CLOSED","0","CLOSED","CLOSED","0","0"],"new_value":["ASSIGNED","CLOSED","MODIFIED","NEW","ON_DEV","ON_QA","POST","RELEASE_PENDING","VERIFIED"],"issue":[11,0,0,14,0,1,1,0,0],"f":[0.407407407407407,0,0,0.518518518518518,0,0.037037037037037,0.037037037037037,0,0]},"MODIFIED":{"old_value":["MODIFIED","MODIFIED","0","MODIFIED","0","MODIFIED","MODIFIED","0","MODIFIED"],"new_value":["ASSIGNED","CLOSED","MODIFIED","NEW","ON_DEV","ON_QA","POST","RELEASE_PENDING","VERIFIED"],"issue":[2,32,0,1,0,19,3,0,2],"f":[0.0338983050847458,0.542372881355932,0,0.0169491525423729,0,0.322033898305085,0.0508474576271186,0,0.0338983050847458]},"NEW":{"old_value":["NEW","NEW","NEW","0","NEW","NEW","NEW","0","NEW"],"new_value":["ASSIGNED","CLOSED","MODIFIED","NEW","ON_DEV","ON_QA","POST","RELEASE_PENDING","VERIFIED"],"issue":[143,229,48,0,5,7,59,0,5],"f":[0.288306451612903,0.461693548387097,0.0967741935483871,0,0.0100806451612903,0.0141129032258065,0.118951612903226,0,0.0100806451612903]},"ON_DEV":{"old_value":["0","0","ON_DEV","ON_DEV","0","0","ON_DEV","0","0"],"new_value":["ASSIGNED","CLOSED","MODIFIED","NEW","ON_DEV","ON_QA","POST","RELEASE_PENDING","VERIFIED"],"issue":[0,0,1,1,0,0,3,0,0],"f":[0,0,0.2,0.2,0,0,0.6,0,0]},"ON_QA":{"old_value":["0","ON_QA","0","0","0","0","ON_QA","ON_QA","ON_QA"],"new_value":["ASSIGNED","CLOSED","MODIFIED","NEW","ON_DEV","ON_QA","POST","RELEASE_PENDING","VERIFIED"],"issue":[0,10,0,0,0,0,1,1,10],"f":[0,0.454545454545455,0,0,0,0,0.0454545454545455,0.0454545454545455,0.454545454545455]},"POST":{"old_value":["POST","POST","POST","POST","0","POST","0","0","0"],"new_value":["ASSIGNED","CLOSED","MODIFIED","NEW","ON_DEV","ON_QA","POST","RELEASE_PENDING","VERIFIED"],"issue":[6,12,46,1,0,6,0,0,0],"f":[0.0845070422535211,0.169014084507042,0.647887323943662,0.0140845070422535,0,0.0845070422535211,0,0,0]},"RELEASE_PENDING":{"old_value":["0","RELEASE_PENDING","0","0","0","0","0","0","0"],"new_value":["ASSIGNED","CLOSED","MODIFIED","NEW","ON_DEV","ON_QA","POST","RELEASE_PENDING","VERIFIED"],"issue":[0,1,0,0,0,0,0,0,0],"f":[0,1,0,0,0,0,0,0,0]},"VERIFIED":{"old_value":["VERIFIED","VERIFIED","0","0","0","0","0","0","0"],"new_value":["ASSIGNED","CLOSED","MODIFIED","NEW","ON_DEV","ON_QA","POST","RELEASE_PENDING","VERIFIED"],"issue":[1,2,0,0,0,0,0,0,0],"f":[0.333333333333333,0.666666666666667,0,0,0,0,0,0,0]}}