{"ASSIGNED":{"old_value":["0","ASSIGNED","ASSIGNED","ASSIGNED","0","ASSIGNED","ASSIGNED","0","0"],"new_value":["ASSIGNED","CLOSED","MODIFIED","NEW","ON_DEV","ON_QA","POST","RELEASE_PENDING","VERIFIED"],"issue":[0,33,39,2,0,6,33,0,0],"f":[0,0.292035398230089,0.345132743362832,0.0176991150442478,0,0.0530973451327434,0.292035398230089,0,0]},"CLOSED":{"old_value":["CLOSED","0","0","CLOSED","0","CLOSED","CLOSED","0","0"],"new_value":["ASSIGNED","CLOSED","MODIFIED","NEW","ON_DEV","ON_QA","POST","RELEASE_PENDING","VERIFIED"],"issue":[11,0,0,14,0,1,1,0,0],"f":[0.407407407407407,0,0,0.518518518518518,0,0.037037037037037,0.037037037037037,0,0]},"MODIFIED":{"old_value":["MODIFIED","MODIFIED","0","MODIFIED","0","MODIFIED","MODIFIED","0","MODIFIED"],"new_value":["ASSIGNED","CLOSED","MODIFIED","NEW","ON_DEV","ON_QA","POST","RELEASE_PENDING","VERIFIED"],"issue":[2,32,0,1,0,19,3,0,1],"f":[0.0344827586206897,0.551724137931034,0,0.0172413793103448,0,0.327586206896552,0.0517241379310345,0,0.0172413793103448]},"NEW":{"old_value":["NEW","NEW","NEW","0","NEW","NEW","NEW","0","NEW"],"new_value":["ASSIGNED","CLOSED","MODIFIED","NEW","ON_DEV","ON_QA","POST","RELEASE_PENDING","VERIFIED"],"issue":[139,229,48,0,5,6,58,0,2],"f":[0.285420944558522,0.470225872689938,0.0985626283367557,0,0.0102669404517454,0.0123203285420945,0.119096509240246,0,0.00410677618069815]},"ON_DEV":{"old_value":["0","0","ON_DEV","ON_DEV","0","0","ON_DEV","0","0"],"new_value":["ASSIGNED","CLOSED","MODIFIED","NEW","ON_DEV","ON_QA","POST","RELEASE_PENDING","VERIFIED"],"issue":[0,0,1,1,0,0,3,0,0],"f":[0,0,0.2,0.2,0,0,0.6,0,0]},"ON_QA":{"old_value":["0","ON_QA","0","0","0","0","ON_QA","ON_QA","ON_QA"],"new_value":["ASSIGNED","CLOSED","MODIFIED","NEW","ON_DEV","ON_QA","POST","RELEASE_PENDING","VERIFIED"],"issue":[0,10,0,0,0,0,1,1,10],"f":[0,0.454545454545455,0,0,0,0,0.0454545454545455,0.0454545454545455,0.454545454545455]},"POST":{"old_value":["POST","POST","POST","POST","0","POST","0","0","0"],"new_value":["ASSIGNED","CLOSED","MODIFIED","NEW","ON_DEV","ON_QA","POST","RELEASE_PENDING","VERIFIED"],"issue":[6,12,45,1,0,6,0,0,0],"f":[0.0857142857142857,0.171428571428571,0.642857142857143,0.0142857142857143,0,0.0857142857142857,0,0,0]},"RELEASE_PENDING":{"old_value":["0","RELEASE_PENDING","0","0","0","0","0","0","0"],"new_value":["ASSIGNED","CLOSED","MODIFIED","NEW","ON_DEV","ON_QA","POST","RELEASE_PENDING","VERIFIED"],"issue":[0,1,0,0,0,0,0,0,0],"f":[0,1,0,0,0,0,0,0,0]},"VERIFIED":{"old_value":["VERIFIED","VERIFIED","0","0","0","0","0","0","0"],"new_value":["ASSIGNED","CLOSED","MODIFIED","NEW","ON_DEV","ON_QA","POST","RELEASE_PENDING","VERIFIED"],"issue":[1,2,0,0,0,0,0,0,0],"f":[0.333333333333333,0.666666666666667,0,0,0,0,0,0,0]}}