{"ASSIGNED":{"old_value":["0","ASSIGNED","ASSIGNED","ASSIGNED","0","ASSIGNED","ASSIGNED","0","0"],"new_value":["ASSIGNED","CLOSED","MODIFIED","NEW","ON_DEV","ON_QA","POST","RELEASE_PENDING","VERIFIED"],"issue":[0,61,58,4,0,6,52,0,0],"f":[0,0.337016574585635,0.320441988950276,0.0220994475138122,0,0.0331491712707182,0.287292817679558,0,0]},"CLOSED":{"old_value":["CLOSED","0","0","CLOSED","0","CLOSED","CLOSED","0","0"],"new_value":["ASSIGNED","CLOSED","MODIFIED","NEW","ON_DEV","ON_QA","POST","RELEASE_PENDING","VERIFIED"],"issue":[15,0,0,16,0,2,2,0,0],"f":[0.428571428571429,0,0,0.457142857142857,0,0.0571428571428571,0.0571428571428571,0,0]},"MODIFIED":{"old_value":["MODIFIED","MODIFIED","0","MODIFIED","0","MODIFIED","MODIFIED","0","MODIFIED"],"new_value":["ASSIGNED","CLOSED","MODIFIED","NEW","ON_DEV","ON_QA","POST","RELEASE_PENDING","VERIFIED"],"issue":[2,70,0,2,0,22,3,0,6],"f":[0.019047619047619,0.666666666666667,0,0.019047619047619,0,0.20952380952381,0.0285714285714286,0,0.0571428571428571]},"NEW":{"old_value":["NEW","NEW","NEW","0","NEW","NEW","NEW","0","NEW"],"new_value":["ASSIGNED","CLOSED","MODIFIED","NEW","ON_DEV","ON_QA","POST","RELEASE_PENDING","VERIFIED"],"issue":[189,315,68,0,5,7,84,0,5],"f":[0.280832095096582,0.468053491827637,0.101040118870728,0,0.00742942050520059,0.0104011887072808,0.12481426448737,0,0.00742942050520059]},"ON_DEV":{"old_value":["0","0","ON_DEV","ON_DEV","0","0","ON_DEV","0","0"],"new_value":["ASSIGNED","CLOSED","MODIFIED","NEW","ON_DEV","ON_QA","POST","RELEASE_PENDING","VERIFIED"],"issue":[0,0,1,1,0,0,3,0,0],"f":[0,0,0.2,0.2,0,0,0.6,0,0]},"ON_QA":{"old_value":["0","ON_QA","0","0","0","0","ON_QA","ON_QA","ON_QA"],"new_value":["ASSIGNED","CLOSED","MODIFIED","NEW","ON_DEV","ON_QA","POST","RELEASE_PENDING","VERIFIED"],"issue":[0,13,0,0,0,0,1,1,11],"f":[0,0.5,0,0,0,0,0.0384615384615385,0.0384615384615385,0.423076923076923]},"POST":{"old_value":["POST","POST","POST","POST","0","POST","0","0","0"],"new_value":["ASSIGNED","CLOSED","MODIFIED","NEW","ON_DEV","ON_QA","POST","RELEASE_PENDING","VERIFIED"],"issue":[7,26,66,1,0,7,0,0,0],"f":[0.0654205607476635,0.242990654205607,0.616822429906542,0.00934579439252336,0,0.0654205607476635,0,0,0]},"RELEASE_PENDING":{"old_value":["0","RELEASE_PENDING","0","0","0","0","0","0","0"],"new_value":["ASSIGNED","CLOSED","MODIFIED","NEW","ON_DEV","ON_QA","POST","RELEASE_PENDING","VERIFIED"],"issue":[0,1,0,0,0,0,0,0,0],"f":[0,1,0,0,0,0,0,0,0]},"VERIFIED":{"old_value":["VERIFIED","VERIFIED","0","0","0","0","0","0","0"],"new_value":["ASSIGNED","CLOSED","MODIFIED","NEW","ON_DEV","ON_QA","POST","RELEASE_PENDING","VERIFIED"],"issue":[1,7,0,0,0,0,0,0,0],"f":[0.125,0.875,0,0,0,0,0,0,0]}}