{"ASSIGNED":{"old_value":["0","ASSIGNED","ASSIGNED","ASSIGNED","0","ASSIGNED","ASSIGNED","0","0"],"new_value":["ASSIGNED","CLOSED","MODIFIED","NEW","ON_DEV","ON_QA","POST","RELEASE_PENDING","VERIFIED"],"issue":[0,32,39,2,0,4,31,0,0],"f":[0,0.296296296296296,0.361111111111111,0.0185185185185185,0,0.037037037037037,0.287037037037037,0,0]},"CLOSED":{"old_value":["CLOSED","0","0","CLOSED","0","CLOSED","CLOSED","0","0"],"new_value":["ASSIGNED","CLOSED","MODIFIED","NEW","ON_DEV","ON_QA","POST","RELEASE_PENDING","VERIFIED"],"issue":[10,0,0,14,0,1,1,0,0],"f":[0.384615384615385,0,0,0.538461538461538,0,0.0384615384615385,0.0384615384615385,0,0]},"MODIFIED":{"old_value":["MODIFIED","MODIFIED","0","MODIFIED","0","MODIFIED","MODIFIED","0","MODIFIED"],"new_value":["ASSIGNED","CLOSED","MODIFIED","NEW","ON_DEV","ON_QA","POST","RELEASE_PENDING","VERIFIED"],"issue":[2,31,0,1,0,15,3,0,1],"f":[0.0377358490566038,0.584905660377358,0,0.0188679245283019,0,0.283018867924528,0.0566037735849057,0,0.0188679245283019]},"NEW":{"old_value":["NEW","NEW","NEW","0","NEW","NEW","NEW","0","NEW"],"new_value":["ASSIGNED","CLOSED","MODIFIED","NEW","ON_DEV","ON_QA","POST","RELEASE_PENDING","VERIFIED"],"issue":[134,215,44,0,4,6,55,0,1],"f":[0.291938997821351,0.468409586056645,0.0958605664488017,0,0.00871459694989107,0.0130718954248366,0.119825708061002,0,0.00217864923747277]},"ON_DEV":{"old_value":["0","0","ON_DEV","0","0","0","ON_DEV","0","0"],"new_value":["ASSIGNED","CLOSED","MODIFIED","NEW","ON_DEV","ON_QA","POST","RELEASE_PENDING","VERIFIED"],"issue":[0,0,1,0,0,0,3,0,0],"f":[0,0,0.25,0,0,0,0.75,0,0]},"ON_QA":{"old_value":["0","ON_QA","0","0","0","0","ON_QA","ON_QA","ON_QA"],"new_value":["ASSIGNED","CLOSED","MODIFIED","NEW","ON_DEV","ON_QA","POST","RELEASE_PENDING","VERIFIED"],"issue":[0,9,0,0,0,0,1,1,8],"f":[0,0.473684210526316,0,0,0,0,0.0526315789473684,0.0526315789473684,0.421052631578947]},"POST":{"old_value":["POST","POST","POST","POST","0","POST","0","0","0"],"new_value":["ASSIGNED","CLOSED","MODIFIED","NEW","ON_DEV","ON_QA","POST","RELEASE_PENDING","VERIFIED"],"issue":[6,12,43,1,0,6,0,0,0],"f":[0.0882352941176471,0.176470588235294,0.632352941176471,0.0147058823529412,0,0.0882352941176471,0,0,0]},"RELEASE_PENDING":{"old_value":["0","RELEASE_PENDING","0","0","0","0","0","0","0"],"new_value":["ASSIGNED","CLOSED","MODIFIED","NEW","ON_DEV","ON_QA","POST","RELEASE_PENDING","VERIFIED"],"issue":[0,1,0,0,0,0,0,0,0],"f":[0,1,0,0,0,0,0,0,0]},"VERIFIED":{"old_value":["0","VERIFIED","0","0","0","0","0","0","0"],"new_value":["ASSIGNED","CLOSED","MODIFIED","NEW","ON_DEV","ON_QA","POST","RELEASE_PENDING","VERIFIED"],"issue":[0,2,0,0,0,0,0,0,0],"f":[0,1,0,0,0,0,0,0,0]}}