{"ASSIGNED":{"old_value":["0","ASSIGNED","ASSIGNED","ASSIGNED","0","ASSIGNED","ASSIGNED","0","0"],"new_value":["ASSIGNED","CLOSED","MODIFIED","NEW","ON_DEV","ON_QA","POST","RELEASE_PENDING","VERIFIED"],"issue":[0,25,35,1,0,4,24,0,0],"f":[0,0.280898876404494,0.393258426966292,0.0112359550561798,0,0.0449438202247191,0.269662921348315,0,0]},"CLOSED":{"old_value":["CLOSED","0","0","CLOSED","0","CLOSED","CLOSED","0","0"],"new_value":["ASSIGNED","CLOSED","MODIFIED","NEW","ON_DEV","ON_QA","POST","RELEASE_PENDING","VERIFIED"],"issue":[8,0,0,12,0,1,1,0,0],"f":[0.363636363636364,0,0,0.545454545454545,0,0.0454545454545455,0.0454545454545455,0,0]},"MODIFIED":{"old_value":["MODIFIED","MODIFIED","0","MODIFIED","0","MODIFIED","MODIFIED","0","MODIFIED"],"new_value":["ASSIGNED","CLOSED","MODIFIED","NEW","ON_DEV","ON_QA","POST","RELEASE_PENDING","VERIFIED"],"issue":[2,22,0,1,0,15,3,0,1],"f":[0.0454545454545455,0.5,0,0.0227272727272727,0,0.340909090909091,0.0681818181818182,0,0.0227272727272727]},"NEW":{"old_value":["NEW","NEW","NEW","0","NEW","NEW","NEW","0","0"],"new_value":["ASSIGNED","CLOSED","MODIFIED","NEW","ON_DEV","ON_QA","POST","RELEASE_PENDING","VERIFIED"],"issue":[120,187,39,0,4,6,49,0,0],"f":[0.296296296296296,0.461728395061728,0.0962962962962963,0,0.00987654320987654,0.0148148148148148,0.120987654320988,0,0]},"ON_DEV":{"old_value":["0","0","ON_DEV","0","0","0","ON_DEV","0","0"],"new_value":["ASSIGNED","CLOSED","MODIFIED","NEW","ON_DEV","ON_QA","POST","RELEASE_PENDING","VERIFIED"],"issue":[0,0,1,0,0,0,3,0,0],"f":[0,0,0.25,0,0,0,0.75,0,0]},"ON_QA":{"old_value":["0","ON_QA","0","0","0","0","ON_QA","ON_QA","ON_QA"],"new_value":["ASSIGNED","CLOSED","MODIFIED","NEW","ON_DEV","ON_QA","POST","RELEASE_PENDING","VERIFIED"],"issue":[0,8,0,0,0,0,1,1,5],"f":[0,0.533333333333333,0,0,0,0,0.0666666666666667,0.0666666666666667,0.333333333333333]},"POST":{"old_value":["POST","POST","POST","POST","0","POST","0","0","0"],"new_value":["ASSIGNED","CLOSED","MODIFIED","NEW","ON_DEV","ON_QA","POST","RELEASE_PENDING","VERIFIED"],"issue":[4,9,39,1,0,6,0,0,0],"f":[0.0677966101694915,0.152542372881356,0.661016949152542,0.0169491525423729,0,0.101694915254237,0,0,0]},"RELEASE_PENDING":{"old_value":["0","RELEASE_PENDING","0","0","0","0","0","0","0"],"new_value":["ASSIGNED","CLOSED","MODIFIED","NEW","ON_DEV","ON_QA","POST","RELEASE_PENDING","VERIFIED"],"issue":[0,1,0,0,0,0,0,0,0],"f":[0,1,0,0,0,0,0,0,0]},"VERIFIED":{"old_value":["0","VERIFIED","0","0","0","0","0","0","0"],"new_value":["ASSIGNED","CLOSED","MODIFIED","NEW","ON_DEV","ON_QA","POST","RELEASE_PENDING","VERIFIED"],"issue":[0,1,0,0,0,0,0,0,0],"f":[0,1,0,0,0,0,0,0,0]}}