{"ASSIGNED":{"old_value":["0","ASSIGNED","ASSIGNED","ASSIGNED","0","ASSIGNED","ASSIGNED","0","0"],"new_value":["ASSIGNED","CLOSED","MODIFIED","NEW","ON_DEV","ON_QA","POST","RELEASE_PENDING","VERIFIED"],"issue":[0,60,58,3,0,6,52,0,0],"f":[0,0.335195530726257,0.324022346368715,0.0167597765363128,0,0.0335195530726257,0.290502793296089,0,0]},"CLOSED":{"old_value":["CLOSED","0","0","CLOSED","0","CLOSED","CLOSED","0","0"],"new_value":["ASSIGNED","CLOSED","MODIFIED","NEW","ON_DEV","ON_QA","POST","RELEASE_PENDING","VERIFIED"],"issue":[15,0,0,15,0,2,2,0,0],"f":[0.441176470588235,0,0,0.441176470588235,0,0.0588235294117647,0.0588235294117647,0,0]},"MODIFIED":{"old_value":["MODIFIED","MODIFIED","0","MODIFIED","0","MODIFIED","MODIFIED","0","MODIFIED"],"new_value":["ASSIGNED","CLOSED","MODIFIED","NEW","ON_DEV","ON_QA","POST","RELEASE_PENDING","VERIFIED"],"issue":[2,70,0,2,0,22,3,0,6],"f":[0.019047619047619,0.666666666666667,0,0.019047619047619,0,0.20952380952381,0.0285714285714286,0,0.0571428571428571]},"NEW":{"old_value":["NEW","NEW","NEW","0","NEW","NEW","NEW","0","NEW"],"new_value":["ASSIGNED","CLOSED","MODIFIED","NEW","ON_DEV","ON_QA","POST","RELEASE_PENDING","VERIFIED"],"issue":[187,312,66,0,5,7,81,0,5],"f":[0.282051282051282,0.470588235294118,0.0995475113122172,0,0.00754147812971342,0.0105580693815988,0.122171945701357,0,0.00754147812971342]},"ON_DEV":{"old_value":["0","0","ON_DEV","ON_DEV","0","0","ON_DEV","0","0"],"new_value":["ASSIGNED","CLOSED","MODIFIED","NEW","ON_DEV","ON_QA","POST","RELEASE_PENDING","VERIFIED"],"issue":[0,0,1,1,0,0,3,0,0],"f":[0,0,0.2,0.2,0,0,0.6,0,0]},"ON_QA":{"old_value":["0","ON_QA","0","0","0","0","ON_QA","ON_QA","ON_QA"],"new_value":["ASSIGNED","CLOSED","MODIFIED","NEW","ON_DEV","ON_QA","POST","RELEASE_PENDING","VERIFIED"],"issue":[0,13,0,0,0,0,1,1,10],"f":[0,0.52,0,0,0,0,0.04,0.04,0.4]},"POST":{"old_value":["POST","POST","POST","POST","0","POST","0","0","0"],"new_value":["ASSIGNED","CLOSED","MODIFIED","NEW","ON_DEV","ON_QA","POST","RELEASE_PENDING","VERIFIED"],"issue":[7,26,64,1,0,7,0,0,0],"f":[0.0666666666666667,0.247619047619048,0.60952380952381,0.00952380952380952,0,0.0666666666666667,0,0,0]},"RELEASE_PENDING":{"old_value":["0","RELEASE_PENDING","0","0","0","0","0","0","0"],"new_value":["ASSIGNED","CLOSED","MODIFIED","NEW","ON_DEV","ON_QA","POST","RELEASE_PENDING","VERIFIED"],"issue":[0,1,0,0,0,0,0,0,0],"f":[0,1,0,0,0,0,0,0,0]},"VERIFIED":{"old_value":["VERIFIED","VERIFIED","0","0","0","0","0","0","0"],"new_value":["ASSIGNED","CLOSED","MODIFIED","NEW","ON_DEV","ON_QA","POST","RELEASE_PENDING","VERIFIED"],"issue":[1,7,0,0,0,0,0,0,0],"f":[0.125,0.875,0,0,0,0,0,0,0]}}