{"ASSIGNED":{"old_value":["0","ASSIGNED","ASSIGNED","ASSIGNED","0","ASSIGNED","ASSIGNED","0","0"],"new_value":["ASSIGNED","CLOSED","MODIFIED","NEW","ON_DEV","ON_QA","POST","RELEASE_PENDING","VERIFIED"],"issue":[0,25,33,1,0,4,24,0,0],"f":[0,0.28735632183908,0.379310344827586,0.0114942528735632,0,0.0459770114942529,0.275862068965517,0,0]},"CLOSED":{"old_value":["CLOSED","0","0","CLOSED","0","CLOSED","0","0","0"],"new_value":["ASSIGNED","CLOSED","MODIFIED","NEW","ON_DEV","ON_QA","POST","RELEASE_PENDING","VERIFIED"],"issue":[8,0,0,12,0,1,0,0,0],"f":[0.380952380952381,0,0,0.571428571428571,0,0.0476190476190476,0,0,0]},"MODIFIED":{"old_value":["MODIFIED","MODIFIED","0","MODIFIED","0","MODIFIED","MODIFIED","0","MODIFIED"],"new_value":["ASSIGNED","CLOSED","MODIFIED","NEW","ON_DEV","ON_QA","POST","RELEASE_PENDING","VERIFIED"],"issue":[2,21,0,1,0,15,3,0,1],"f":[0.0465116279069767,0.488372093023256,0,0.0232558139534884,0,0.348837209302326,0.0697674418604651,0,0.0232558139534884]},"NEW":{"old_value":["NEW","NEW","NEW","0","NEW","NEW","NEW","0","0"],"new_value":["ASSIGNED","CLOSED","MODIFIED","NEW","ON_DEV","ON_QA","POST","RELEASE_PENDING","VERIFIED"],"issue":[117,186,35,0,4,6,48,0,0],"f":[0.295454545454545,0.46969696969697,0.0883838383838384,0,0.0101010101010101,0.0151515151515152,0.121212121212121,0,0]},"ON_DEV":{"old_value":["0","0","ON_DEV","0","0","0","ON_DEV","0","0"],"new_value":["ASSIGNED","CLOSED","MODIFIED","NEW","ON_DEV","ON_QA","POST","RELEASE_PENDING","VERIFIED"],"issue":[0,0,1,0,0,0,3,0,0],"f":[0,0,0.25,0,0,0,0.75,0,0]},"ON_QA":{"old_value":["0","ON_QA","0","0","0","0","ON_QA","ON_QA","ON_QA"],"new_value":["ASSIGNED","CLOSED","MODIFIED","NEW","ON_DEV","ON_QA","POST","RELEASE_PENDING","VERIFIED"],"issue":[0,8,0,0,0,0,1,1,5],"f":[0,0.533333333333333,0,0,0,0,0.0666666666666667,0.0666666666666667,0.333333333333333]},"POST":{"old_value":["POST","POST","POST","POST","0","POST","0","0","0"],"new_value":["ASSIGNED","CLOSED","MODIFIED","NEW","ON_DEV","ON_QA","POST","RELEASE_PENDING","VERIFIED"],"issue":[4,8,39,1,0,6,0,0,0],"f":[0.0689655172413793,0.137931034482759,0.672413793103448,0.0172413793103448,0,0.103448275862069,0,0,0]},"RELEASE_PENDING":{"old_value":["0","RELEASE_PENDING","0","0","0","0","0","0","0"],"new_value":["ASSIGNED","CLOSED","MODIFIED","NEW","ON_DEV","ON_QA","POST","RELEASE_PENDING","VERIFIED"],"issue":[0,1,0,0,0,0,0,0,0],"f":[0,1,0,0,0,0,0,0,0]},"VERIFIED":{"old_value":["0","VERIFIED","0","0","0","0","0","0","0"],"new_value":["ASSIGNED","CLOSED","MODIFIED","NEW","ON_DEV","ON_QA","POST","RELEASE_PENDING","VERIFIED"],"issue":[0,1,0,0,0,0,0,0,0],"f":[0,1,0,0,0,0,0,0,0]}}