{"data":{"years":[2013,2014],"X0.99":[7454.95999999999,13087.4000000001],"X0.95":[2536.55,6747],"X0.5":[138.5,180],"X0.25":[29.25,41]},"labels":[0.99,0.95,0.5,0.25]}