{"data":{"years":[2013,2014],"X0.99":[7454.95999999999,11767.4],"X0.95":[2536.55,6399.79999999997],"X0.5":[138.5,173.5],"X0.25":[29.25,36.75]},"labels":[0.99,0.95,0.5,0.25]}