{"data":{"years":[2013,2014],"X0.99":[7454.95999999999,12547.84],"X0.95":[2536.55,5947.59999999999],"X0.5":[138.5,191],"X0.25":[29.25,42]},"labels":[0.99,0.95,0.5,0.25]}