{"data":{"years":[2013,2014],"X0.99":[7454.95999999999,11773.33],"X0.95":[2536.55,6922.59999999997],"X0.5":[138.5,180],"X0.25":[29.25,45]},"labels":[0.99,0.95,0.5,0.25]}