{"data":{"years":[2013,2014],"X0.99":[7454.95999999999,11724.54],"X0.95":[2536.55,5974.79999999998],"X0.5":[138.5,170],"X0.25":[29.25,48]},"labels":[0.99,0.95,0.5,0.25]}