{"data":{"years":[2013,2014],"X0.99":[7454.95999999999,11792.6],"X0.95":[2536.55,7931.74999999997],"X0.5":[138.5,169.5],"X0.25":[29.25,42.25]},"labels":[0.99,0.95,0.5,0.25]}