{"data":{"years":[2013,2014],"X0.99":[7454.95999999999,11752.42],"X0.95":[2536.55,6516.39999999999],"X0.5":[138.5,177],"X0.25":[29.25,44.5]},"labels":[0.99,0.95,0.5,0.25]}