{"data":{"years":[2013,2014],"X0.99":[7454.95999999999,12820.7600000001],"X0.95":[2536.55,6486.59999999999],"X0.5":[138.5,187],"X0.25":[29.25,42.5]},"labels":[0.99,0.95,0.5,0.25]}