{"data":{"years":[2013,2014],"X0.99":[7454.95999999999,12909.64],"X0.95":[2536.55,6573.39999999996],"X0.5":[138.5,185],"X0.25":[29.25,42.25]},"labels":[0.99,0.95,0.5,0.25]}