{"data":{"years":[2013,2014],"X0.99":[7454.95999999999,11789.8],"X0.95":[2536.55,7697.24999999999],"X0.5":[138.5,164.5],"X0.25":[29.25,37.75]},"labels":[0.99,0.95,0.5,0.25]}