{"data":{"years":[2013,2014],"X0.99":[7454.95999999999,14331.72],"X0.95":[2536.55,7962.19999999998],"X0.5":[138.5,189],"X0.25":[29.25,42.25]},"labels":[0.99,0.95,0.5,0.25]}