{"data":{"years":[2013,2014],"X0.99":[7454.95999999999,11788.4],"X0.95":[2536.55,7579.99999999996],"X0.5":[138.5,160],"X0.25":[29.25,37]},"labels":[0.99,0.95,0.5,0.25]}