{"data":{"years":[2013,2014],"X0.99":[7454.95999999999,12072.04],"X0.95":[2536.55,7007.40000000001],"X0.5":[138.5,183],"X0.25":[29.25,38]},"labels":[0.99,0.95,0.5,0.25]}