{"data":{"years":[2013,2014],"X0.99":[7454.95999999999,11791.2],"X0.95":[2536.55,7814.50000000001],"X0.5":[138.5,169],"X0.25":[29.25,40]},"labels":[0.99,0.95,0.5,0.25]}