{"data":{"years":[2013,2014],"X0.99":[7454.95999999999,14687.2399999999],"X0.95":[2536.55,8103.45],"X0.5":[138.5,189],"X0.25":[29.25,39]},"labels":[0.99,0.95,0.5,0.25]}